Workbook

Sheet Petroleum_Products
A1: Financial Year | B1: Product | C1: Reported 000 MT | D1: MMT (calculated)
A2: 2021-22 | B2: LPG | C2: 28253.488 | D2: =C2/1000 -> 28.253488
A3: 2021-22 | B3: Naphtha | C3: 13245.591 | D3: =C3/1000 -> 13.245591
A4: 2021-22 | B4: MS | C4: 30848.957 | D4: =C4/1000 -> 30.848957
A5: 2021-22 | B5: ATF | C5: 5007.9625 | D5: =C5/1000 -> 5.0079625
A6: 2021-22 | B6: SKO | C6: 1493.3713 | D6: =C6/1000 -> 1.4933713
A7: 2021-22 | B7: HSD | C7: 76658.718 | D7: =C7/1000 -> 76.658718
A8: 2021-22 | B8: LDO | C8: 1017.4963 | D8: =C8/1000 -> 1.0174963
A9: 2021-22 | B9: Lubricants & Greases | C9: 4540.3418 | D9: =C9/1000 -> 4.5403418
A10: 2021-22 | B10: FO & LSHS | C10: 6278.639 | D10: =C10/1000 -> 6.278639
A11: 2021-22 | B11: Bitumen | C11: 7816.3297 | D11: =C11/1000 -> 7.8163297
A12: 2021-22 | B12: Petroleum coke | C12: 14255.432 | D12: =C12/1000 -> 14.255432
A13: 2021-22 | B13: Others | C13: 12280.331 | D13: =C13/1000 -> 12.280331
... A61: 2025-26 | B61: Others | C61: 10321.971 | D61: =C61/1000 -> 10.321971

Sheet Petroleum_Totals
A1: Financial Year | B1: Reported 000 MT | C1: MMT (calculated)
A2: 2021-22 | B2: 201696.66 | C2: =B2/1000 -> 201.69666
A3: 2022-23 | B3: 223021.83 | C3: =B3/1000 -> 223.02183
A4: 2023-24 | B4: 234258.7 | C4: =B4/1000 -> 234.2587
A5: 2024-25 | B5: 239221.48 | C5: =B5/1000 -> 239.22148
A6: 2025-26 | B6: 243202.18 | C6: =B6/1000 -> 243.20218

Sheet Domestic_Crude
A1: Financial Year | B1: Total Crude Oil (MMT)
A2: 2021-22 | B2: 28.447656
A3: 2022-23 | B3: 27.827359
A4: 2023-24 | B4: 27.168366
A5: 2024-25 | B5: 26.49
A6: 2025-26 | B6: 25.979663

Sheet Crude_Imports
A1: Financial Year | B1: Reported 000 MT | C1: Imports MMT (calculated)
A2: 2021-22 | B2: 212381.62 | C2: =B2/1000 -> 212.38162
A3: 2022-23 | B3: 232700.41 | C3: =B3/1000 -> 232.70041
A4: 2023-24 | B4: 234261.58 | C4: =B4/1000 -> 234.26158
A5: 2024-25 | B5: 243224.97 | C5: =B5/1000 -> 243.22497
A6: 2025-26 | B6: 246600.71 | C6: =B6/1000 -> 246.60071

Sheet Refining_Capacity
A1: Financial Year | B1: Capacity Reference Date | C1: Reported 000 MT | D1: Capacity MMTPA (calculated)
A2: 2021-22 | B2: 1 April 2021 | C2: 248866 | D2: =C2/1000 -> 248.866
A3: 2022-23 | B3: 1 April 2022 | C3: 251216 | D3: =C3/1000 -> 251.216
A4: 2023-24 | B4: 1 April 2023 | C4: 253916 | D4: =C4/1000 -> 253.916
A5: 2024-25 | B5: 1 April 2024 | C5: 256816 | D5: =C5/1000 -> 256.816
A6: 2025-26 | B6: 1 April 2025 | C6: 258116 | D6: =C6/1000 -> 258.116

Sheet Refinery_Throughput
A1: Financial Year | B1: Reported 000 MT | C1: Throughput MMT (calculated)
A2: 2021-22 | B2: 241703.65 | C2: =B2/1000 -> 241.70365
A3: 2022-23 | B3: 255232.12 | C3: =B3/1000 -> 255.23212
A4: 2023-24 | B4: 261546.01 | C4: =B4/1000 -> 261.54601
A5: 2024-25 | B5: 268613.33 | C5: =B5/1000 -> 268.61333
A6: 2025-26 | B6: 271991.18 | C6: =B6/1000 -> 271.99118

Sheet Natural_Gas
A1: Financial Year | B1: Net Production MMSCM | C1: LNG Imports MMSCM | D1: Reported Total MMSCM | E1: Recomputed Total MMSCM
A2: 2021-22 | B2: 33131.234 | C2: 31027.563 | D2: 64158.797 | E2: =B2+C2 -> 64158.797
A3: 2022-23 | B3: 33664.359 | C3: 26304.412 | D3: 59968.771 | E3: =B3+C3 -> 59968.771
A4: 2023-24 | B4: 35716.933 | C4: 31795.201 | D4: 67512.134 | E4: =B4+C4 -> 67512.134
A5: 2024-25 | B5: 35593.856 | C5: 35720.305 | D5: 71314.161 | E5: =B5+C5 -> 71314.161
A6: 2025-26 | B6: 34326.23 | C6: 34426.682 | D6: 68752.913 | E6: =B6+C6 -> 68752.913

Sheet Dashboard_Annual
A1: Financial Year | B1: Petroleum Total MMT | C1: Domestic Crude MMT | D1: Crude Imports MMT | E1: Crude Import Share % | F1: Refining Capacity MMTPA | G1: Refinery Throughput MMT | H1: Utilization % (indicative) | I1: Natural Gas MMSCM | J1: Gas Net Production MMSCM | K1: LNG Imports MMSCM | L1: Other Petroleum MMT | M1: FY26 Status
A2: 2021-22 | B2: =Petroleum_Totals!C2 -> 201.69666 | C2: =Domestic_Crude!B2 -> 28.447656 | D2: =Crude_Imports!C2 -> 212.38162 | E2: =D2/(C2+D2)*100 -> 88.187626 | F2: =Refining_Capacity!D2 -> 248.866 | G2: =Refinery_Throughput!C2 -> 241.70365 | H2: =G2/F2*100 -> 97.122004 | I2: =Natural_Gas!D2 -> 64158.797 | J2: =Natural_Gas!B2 -> 33131.234 | K2: =Natural_Gas!C2 -> 31027.563 | L2: =B2-SUMIFS(Petroleum_Products!$D$2:$D$61,Petroleum_Products!$A$2:$A$61,A2,Petroleum_Products!$B$2:$B$61,"LPG")-SUMIFS(Petroleum_Products!$D$2:$D$61,Petroleum_Products!$A$2:$A$61,A2,Petroleum_Products!$B$2:$B$61,"MS")-SUMIFS(Petroleum_Products!$D$2:$D$61,Petroleum_Products!$A$2:$A$61,A2,Petroleum_Products!$B$2:$B$61,"HSD")-SUMIFS(Petroleum_Products!$D$2:$D$61,Petroleum_Products!$A$2:$A$61,A2,Petroleum_Products!$B$2:$B$61,"ATF") -> 60.927532 | M2: See source notes
A3: 2022-23 | B3: =Petroleum_Totals!C3 -> 223.02183 | C3: =Domestic_Crude!B3 -> 27.827359 | D3: =Crude_Imports!C3 -> 232.70041 | E3: =D3/(C3+D3)*100 -> 89.318851 | F3: =Refining_Capacity!D3 -> 251.216 | G3: =Refinery_Throughput!C3 -> 255.23212 | H3: =G3/F3*100 -> 101.59867 | I3: =Natural_Gas!D3 -> 59968.771 | J3: =Natural_Gas!B3 -> 33664.359 | K3: =Natural_Gas!C3 -> 26304.412 | L3: =B3-SUMIFS(Petroleum_Products!$D$2:$D$61,Petroleum_Products!$A$2:$A$61,A3,Petroleum_Products!$B$2:$B$61,"LPG")-SUMIFS(Petroleum_Products!$D$2:$D$61,Petroleum_Products!$A$2:$A$61,A3,Petroleum_Products!$B$2:$B$61,"MS")-SUMIFS(Petroleum_Products!$D$2:$D$61,Petroleum_Products!$A$2:$A$61,A3,Petroleum_Products!$B$2:$B$61,"HSD")-SUMIFS(Petroleum_Products!$D$2:$D$61,Petroleum_Products!$A$2:$A$61,A3,Petroleum_Products!$B$2:$B$61,"ATF") -> 66.263106 | M3: See source notes
A4: 2023-24 | B4: =Petroleum_Totals!C4 -> 234.2587 | C4: =Domestic_Crude!B4 -> 27.168366 | D4: =Crude_Imports!C4 -> 234.26158 | E4: =D4/(C4+D4)*100 -> 89.607783 | F4: =Refining_Capacity!D4 -> 253.916 | G4: =Refinery_Throughput!C4 -> 261.54601 | H4: =G4/F4*100 -> 103.00493 | I4: =Natural_Gas!D4 -> 67512.134 | J4: =Natural_Gas!B4 -> 35716.933 | K4: =Natural_Gas!C4 -> 31795.201 | L4: =B4-SUMIFS(Petroleum_Products!$D$2:$D$61,Petroleum_Products!$A$2:$A$61,A4,Petroleum_Products!$B$2:$B$61,"LPG")-SUMIFS(Petroleum_Products!$D$2:$D$61,Petroleum_Products!$A$2:$A$61,A4,Petroleum_Products!$B$2:$B$61,"MS")-SUMIFS(Petroleum_Products!$D$2:$D$61,Petroleum_Products!$A$2:$A$61,A4,Petroleum_Products!$B$2:$B$61,"HSD")-SUMIFS(Petroleum_Products!$D$2:$D$61,Petroleum_Products!$A$2:$A$61,A4,Petroleum_Products!$B$2:$B$61,"ATF") -> 69.502516 | M4: See source notes
A5: 2024-25 | B5: =Petroleum_Totals!C5 -> 239.22148 | C5: =Domestic_Crude!B5 -> 26.49 | D5: =Crude_Imports!C5 -> 243.22497 | E5: =D5/(C5+D5)*100 -> 90.178521 | F5: =Refining_Capacity!D5 -> 256.816 | G5: =Refinery_Throughput!C5 -> 268.61333 | H5: =G5/F5*100 -> 104.59369 | I5: =Natural_Gas!D5 -> 71314.161 | J5: =Natural_Gas!B5 -> 35593.856 | K5: =Natural_Gas!C5 -> 35720.305 | L5: =B5-SUMIFS(Petroleum_Products!$D$2:$D$61,Petroleum_Products!$A$2:$A$61,A5,Petroleum_Products!$B$2:$B$61,"LPG")-SUMIFS(Petroleum_Products!$D$2:$D$61,Petroleum_Products!$A$2:$A$61,A5,Petroleum_Products!$B$2:$B$61,"MS")-SUMIFS(Petroleum_Products!$D$2:$D$61,Petroleum_Products!$A$2:$A$61,A5,Petroleum_Products!$B$2:$B$61,"HSD")-SUMIFS(Petroleum_Products!$D$2:$D$61,Petroleum_Products!$A$2:$A$61,A5,Petroleum_Products!$B$2:$B$61,"ATF") -> 67.496737 | M5: See source notes
A6: 2025-26 | B6: =Petroleum_Totals!C6 -> 243.20218 | C6: =Domestic_Crude!B6 -> 25.979663 | D6: =Crude_Imports!C6 -> 246.60071 | E6: =D6/(C6+D6)*100 -> 90.46899 | F6: =Refining_Capacity!D6 -> 258.116 | G6: =Refinery_Throughput!C6 -> 271.99118 | H6: =G6/F6*100 -> 105.37556 | I6: =Natural_Gas!D6 -> 68752.913 | J6: =Natural_Gas!B6 -> 34326.23 | K6: =Natural_Gas!C6 -> 34426.682 | L6: =B6-SUMIFS(Petroleum_Products!$D$2:$D$61,Petroleum_Products!$A$2:$A$61,A6,Petroleum_Products!$B$2:$B$61,"LPG")-SUMIFS(Petroleum_Products!$D$2:$D$61,Petroleum_Products!$A$2:$A$61,A6,Petroleum_Products!$B$2:$B$61,"MS")-SUMIFS(Petroleum_Products!$D$2:$D$61,Petroleum_Products!$A$2:$A$61,A6,Petroleum_Products!$B$2:$B$61,"HSD")-SUMIFS(Petroleum_Products!$D$2:$D$61,Petroleum_Products!$A$2:$A$61,A6,Petroleum_Products!$B$2:$B$61,"ATF") -> 63.538031 | M6: Provisional where flagged
